metric,value
pool,0xbe4C36B9542610dF83Ca690C8b5BC53BbbC5d542
npm,0xa990C6a764b73BF43cee5Bb40339c3322FB9D55F
chain_id,8453
from_block,43139450
last_scanned_block,52406570
token0_usdc,0x833589fCD6eDb6E08f4c7C32D4f71b54bdA02913
token1_lmts,0x9EadbE35F3Ee3bF3e28180070C429298a1b02F93
dec0,6
dec1,18
fee,500
tick_spacing,10
current_tick,308651
price_lmts_per_usdc,25.34567647
price_usd_per_lmts,0.03945446
pool_liquidity_raw,1959186973135268264
open_positions,13
in_range_positions,3
unique_real_owners,6
our_positions,4
our_liquidity,2236871701846581149
ext_liquidity,1583816882871051588
our_cur_usdc,21261.513560
our_cur_lmts,3074987.919440
ext_cur_usdc,442.770788
ext_cur_lmts,9316.422194
